{"cameraMode":{"drawMode":0,"name":"Shaded","section":"Shading Mode"},"sceneLighting":false,"audioPlay":false,"sceneViewState":{"m_AlwaysRefresh":false,"showFog":true,"showSkybox":false,"showFlares":true,"showImageEffects":true,"showParticleSystems":true,"showVisualEffectGraphs":true,"m_FxEnabled":false},"in2DMode":false,"pivot":{"x":-1.1920928955078126e-7,"y":1.0151314735412598,"z":0.0022228676825761797},"rotation":{"x":-0.09999119490385056,"y":-0.8990986943244934,"z":0.2790181636810303,"w":-0.3221866488456726},"size":1.4189139604568482,"orthographic":false}