{"cameraMode":{"drawMode":0,"name":"Shaded","section":"Shading Mode"},"sceneLighting":false,"audioPlay":false,"sceneViewState":{"m_AlwaysRefresh":false,"showFog":true,"showSkybox":false,"showFlares":true,"showImageEffects":true,"showParticleSystems":true,"showVisualEffectGraphs":true,"m_FxEnabled":false},"in2DMode":false,"pivot":{"x":-2.6305999755859377,"y":0.5061624050140381,"z":4.400515079498291},"rotation":{"x":0.04796767979860306,"y":0.3677370250225067,"z":-0.018987463787198068,"w":0.9285140633583069},"size":0.7801287770271301,"orthographic":false}