{"cameraMode":{"drawMode":0,"name":"Shaded","section":"Shading Mode"},"sceneLighting":false,"audioPlay":false,"sceneViewState":{"m_AlwaysRefresh":false,"showFog":true,"showSkybox":false,"showFlares":true,"showImageEffects":true,"showParticleSystems":true,"showVisualEffectGraphs":true,"m_FxEnabled":false},"in2DMode":false,"pivot":{"x":-0.0014989376068115235,"y":0.9850106239318848,"z":0.0012663230299949647},"rotation":{"x":-0.09999119490385056,"y":-0.8990986943244934,"z":0.2790181636810303,"w":-0.3221866488456726},"size":1.3792890310287476,"orthographic":false}