{"cameraMode":{"drawMode":0,"name":"Shaded","section":"Shading Mode"},"sceneLighting":false,"audioPlay":false,"sceneViewState":{"m_AlwaysRefresh":false,"showFog":true,"showSkybox":false,"showFlares":true,"showImageEffects":true,"showParticleSystems":true,"showVisualEffectGraphs":true,"m_FxEnabled":false},"in2DMode":false,"pivot":{"x":8.220640182495118,"y":1.2999999523162842,"z":4.814072608947754},"rotation":{"x":0.04796767979860306,"y":0.3677370250225067,"z":-0.018987463787198068,"w":0.9285140633583069},"size":1.9370752573013306,"orthographic":false}