{"cameraMode":{"drawMode":0,"name":"Shaded","section":"Shading Mode"},"sceneLighting":false,"audioPlay":false,"sceneViewState":{"m_AlwaysRefresh":false,"showFog":true,"showSkybox":false,"showFlares":true,"showImageEffects":true,"showParticleSystems":true,"showVisualEffectGraphs":true,"m_FxEnabled":false},"in2DMode":false,"pivot":{"x":0.20671021938323975,"y":0.8402519226074219,"z":5.577498912811279},"rotation":{"x":0.04796767979860306,"y":0.3677370250225067,"z":-0.018987463787198068,"w":0.9285140633583069},"size":1.0475456714630128,"orthographic":false}