{"cameraMode":{"drawMode":0,"name":"Shaded","section":"Shading Mode"},"sceneLighting":false,"audioPlay":false,"sceneViewState":{"m_AlwaysRefresh":false,"showFog":true,"showSkybox":false,"showFlares":true,"showImageEffects":true,"showParticleSystems":true,"showVisualEffectGraphs":true,"m_FxEnabled":false},"in2DMode":false,"pivot":{"x":-0.0015676021575927735,"y":0.985175609588623,"z":0.001266326755285263},"rotation":{"x":-0.09999119490385056,"y":-0.8990986943244934,"z":0.2790181636810303,"w":-0.3221866488456726},"size":1.3669614791870118,"orthographic":false}