{"cameraMode":{"drawMode":0,"name":"Shaded","section":"Shading Mode"},"sceneLighting":false,"audioPlay":false,"sceneViewState":{"m_AlwaysRefresh":false,"showFog":true,"showSkybox":false,"showFlares":true,"showImageEffects":true,"showParticleSystems":true,"showVisualEffectGraphs":true,"m_FxEnabled":false},"in2DMode":false,"pivot":{"x":2.5200836658477785,"y":6.791138648986816,"z":-2.942882776260376},"rotation":{"x":0.04796767979860306,"y":0.3677370250225067,"z":-0.018987463787198068,"w":0.9285140633583069},"size":1.2448537349700928,"orthographic":false}