{"cameraMode":{"drawMode":0,"name":"Shaded","section":"Shading Mode"},"sceneLighting":false,"audioPlay":false,"sceneViewState":{"m_AlwaysRefresh":false,"showFog":true,"showSkybox":false,"showFlares":true,"showImageEffects":true,"showParticleSystems":true,"showVisualEffectGraphs":true,"m_FxEnabled":false},"in2DMode":false,"pivot":{"x":-6.0700836181640629,"y":0.4504963159561157,"z":0.8619807958602905},"rotation":{"x":0.04796767979860306,"y":0.3677370250225067,"z":-0.018987463787198068,"w":0.9285140633583069},"size":2.838728666305542,"orthographic":false}